Parcela;Especie;DAP
1;Myrsine umbellata;12,73239545
1;Allophylus edulis;8,594366927
1;Myrsine umbellata;7,002817496
1;Myrsine umbellata;7,639437268
1;Myrsine umbellata;6,68450761
1;Eugenia pluriflora;5,252113122
1;Solanum sanctaecatharinae;6,725986566
1;Podocarpus lambertii;17,44338176
1;Matayba elaeagnoides;16,71126902
1;Gochnatia polymorpha;14,96056465
1;Solanum sanctaecatharinae;19,8625369
1;Araucaria angustifolia;4,965634224
1;Casearia decandra;4,774648293
1;Podocarpus lambertii;7,130141451
1;Zanthoxylum kleinii;5,379437077
1;Jacaranda puberula;9,45380362
1;Calyptranthes concinna;5,411268065
1;Duranta vestita;5,315775099
1;Jacaranda puberula;9,230986699
1;Myrcia laruotteana;15,96142382
1;Lithraea brasiliensis;19,79887492
1;Lithraea brasiliensis;16,80676199
1;Duranta vestita;9,421972631
1;Casearia decandra;8,350464166
1;Jacaranda puberula;10,37690229
1;Ilex theezans;9,390141642
1;Ocotea pulchella;26,26056561
1;Casearia decandra;8,276057041
1;Podocarpus lambertii;9,071831756
1;Casearia decandra;6,68450761
1;Gochnatia polymorpha;33,76469773
1;Casearia decandra;5,825070917
1;Cupania vernalis;5,092958179
1;Jacaranda puberula;5,092958179
1;Maytenus dasyclada;11,26124415
1;Matayba elaeagnoides;6,079718826
1;Matayba elaeagnoides;24,82817112
1;Casearia decandra;8,244226052
1;Lithraea brasiliensis;28,17042493
1;Gochnatia polymorpha;23,23662169
1;Erythroxylum deciduum;24,35070629
1;Zanthoxylum kleinii;5,156620156
1;Jacaranda puberula;11,4591559
1;Jacaranda puberula;11,80929678
1;Lithraea brasiliensis;5,952394872
1;Ocotea pulchella;28,71155173
2;Podocarpus lambertii;7,543944303
2;Jacaranda puberula;14,96056465
2;Solanum sanctaecatharinae;5,411268065
2;Eugenia pluriflora;13,05070533
2;Myrsine umbellata;10,56788822
2;Podocarpus lambertii;25,74660686
2;Calyptranthes concinna;6,175211792
2;Eugenia pluriflora;9,071831756
2;Gochnatia polymorpha;32,21296048
2;Scutia buxifolia;9,89943746
2;Calyptranthes concinna;12,16089579
2;Casearia obliqua;7,161972439
2;Cupania vernalis;26,36107494
2;Podocarpus lambertii;8,371550007
2;Dasyphyllum spinescens;63,34366735
2;Cupania vernalis;21,11601665
2;Podocarpus lambertii;20,53098766
2;Cupania vernalis;15,40619849
2;Drimys brasiliensis;7,957747155
2;Myrsine umbellata;20,37183272
2;Ocotea pulchella;42,97183463
2;Lithraea brasiliensis;27,50197417
2;Araucaria angustifolia;42,2397219
2;Eugenia pluriflora;6,047887837
2;Jacaranda puberula;7,703099246
2;Eugenia pluriflora;5,888732894
2;Casearia decandra;6,589014644
2;Araucaria angustifolia;12,41408556
2;Jacaranda puberula;12,73239545
2;Jacaranda puberula;6,366197724
2;Calyptranthes concinna;5,220282133
2;Jacaranda puberula;7,543944303
2;Jacaranda puberula;6,238873769
2;Lamanonia ternata;5,195866567
2;Jacaranda puberula;11,30000096
3;Drimys brasiliensis;6,047887837
3;Duranta vestita;11,84112777
3;Jacaranda puberula;6,270704758
3;Jacaranda puberula;13,68732511
3;Solanum sanctaecatharinae;12,28676161
3;Jacaranda puberula;19,25774811
3;Solanum sanctaecatharinae;13,14311503
3;Solanum sanctaecatharinae;5,98422586
3;Xylosma tweediana;6,525352667
3;Jacaranda puberula;10,79070514
3;Jacaranda puberula;8,148733086
3;Jacaranda puberula;20,18084678
3;Lithraea brasiliensis;21,8042272
3;Myrcia laruotteana;4,997465213
3;Jacaranda puberula;9,390141642
3;Eugenia pluriflora;6,175211792
3;Cinnamomum amoenum;45,32732779
3;Casearia decandra;10,18591636
3;Myrrhinium atropurpureum;15,40619849
3;Myrcia hatschbachii;7,671268257
3;Jacaranda puberula;19,41690306
3;Jacaranda puberula;11,01352206
3;Jacaranda puberula;8,75352187
3;Podocarpus lambertii;31,0352139
3;Lamanonia ternata;63,66197724
3;Banara tomentosa;5,092958179
3;Myrcia hatschbachii;9,071831756
3;Cupania vernalis;9,772113506
3;Eugenia pluriflora;29,88929831
3;Solanum sanctaecatharinae;12,41408556
3;Jacaranda puberula;12,50957853
4;Araucaria angustifolia;11,77746579
4;Casearia obliqua;22,28169203
4;Eugenia pluriflora;5,156620156
4;Cupania vernalis;14,64225476
4;Myrsine umbellata;5,98422586
4;Jacaranda puberula;12,63690248
4;Prunus myrtifolia;15,27887454
4;Solanum sanctaecatharinae;18,14366351
4;Podocarpus lambertii;5,092958179
4;Jacaranda puberula;11,30000096
4;Podocarpus lambertii;5,188451145
4;Jacaranda puberula;13,75098708
4;Coutarea hexandra;14,32394488
4;Casearia obliqua;29,76197436
4;Jacaranda puberula;11,14084602
4;Jacaranda puberula;17,12507188
4;Blepharocalyx salicifolius;5,092958179
4;Jacaranda puberula;9,867606472
4;Jacaranda puberula;14,64225476
4;Calyptranthes concinna;8,292812562
4;Casearia obliqua;6,843662553
4;Jacaranda puberula;8,435211984
4;Jacaranda puberula;15,59718442
4;Jacaranda puberula;15,75633937
4;Jacaranda puberula;5,729577951
4;Casearia obliqua;20,21267777
4;Jacaranda puberula;6,175211792
4;Jacaranda puberula;10,9180291
4;Casearia obliqua;5,029296202
4;Casearia obliqua;10,6315502
4;Jacaranda puberula;7,416620348
4;Jacaranda puberula;5,411268065
4;Jacaranda puberula;6,016056849
4;Araucaria angustifolia;19,22591713
4;Casearia obliqua;15,85183233
4;Banara tomentosa;9,62880829
4;Myrcia laruotteana;9,612958563
4;Drimys brasiliensis;5,443099054
4;Casearia obliqua;7,448451337
4;Jacaranda puberula;5,474930042
4;Jacaranda puberula;17,60253671
4;Myrsine umbellata;24,6053542
4;Cupania vernalis;21,13577644
4;Casearia decandra;5,029296202
4;Jacaranda puberula;6,68450761
4;Calyptranthes concinna;11,30000096
4;Casearia obliqua;7,957747155
4;Casearia obliqua;9,262817688
4;Araucaria angustifolia;5,53859202
4;Eugenia pluriflora;9,931268449
4;Jacaranda puberula;7,894085177
4;Jacaranda puberula;12,39256058
4;Araucaria angustifolia;5,156620156
5;Casearia decandra;9,969250174
5;Myrcia hatschbachii;6,602456062
5;Casearia obliqua;20,30293142
5;Casearia decandra;11,14084602
5;Jacaranda puberula;9,740282517
5;Casearia decandra;5,220282133
5;Matayba elaeagnoides;43,09915859
5;Jacaranda puberula;8,75352187
5;Jacaranda puberula;15,59718442
5;Casearia decandra;9,135493733
5;Matayba elaeagnoides;33,67718596
5;Lamanonia ternata;9,708451529
5;Cupania vernalis;5,443099054
5;Myrcianthes gigantea;5,06112719
5;Myrcia hatschbachii;10,28140932
5;Matayba elaeagnoides;34,05915782
5;Casearia decandra;5,411268065
5;Jacaranda puberula;16,2338042
5;Jacaranda puberula;7,970215135
5;Jacaranda puberula;5,411268065
5;Jacaranda puberula;11,65014183
5;Solanum sanctaecatharinae;35,30056638
5;Jacaranda puberula;12,70056446
5;Araucaria angustifolia;35,01408748
5;Annona rugulosa;5,347606088
5;Banara tomentosa;8,276057041
5;Lithraea brasiliensis;22,15436808
5;Araucaria angustifolia;5,602253997
5;Jacaranda puberula;13,36901522
5;Matayba elaeagnoides;21,8042272
5;Araucaria angustifolia;21,64507226
5;Araucaria angustifolia;7,766761223
5;Araucaria angustifolia;12,06394469
5;Eugenia pluriflora;6,047887837
5;Araucaria angustifolia;33,26338311
5;Casearia decandra;10,60358984
5;Casearia decandra;11,97492622
5;Myrsine umbellata;16,67943804
5;Banara tomentosa;5,697746963
5;Zanthoxylum rhoifolium;16,2338042
5;Jacaranda puberula;5,697746963
5;Jacaranda puberula;16,2338042
5;Ocotea pulchella;7,575775291
5;Jacaranda puberula;7,894085177
5;Jacaranda puberula;10,21774735
5;Jacaranda puberula;16,07464925
5;Jacaranda puberula;12,70056446
5;Jacaranda puberula;11,80929678
5;Jacaranda puberula;14,64225476
5;Jacaranda puberula;7,416620348
5;Jacaranda puberula;8,951528254
5;Casearia decandra;7,289296394
5;Jacaranda puberula;5,411268065
6;Campomanesia xanthocarpa;18,1754945
6;Casearia decandra;9,167324722
6;Banara tomentosa;5,124789168
6;Podocarpus lambertii;11,48203369
6;Casearia decandra;5,411268065
6;Blepharocalyx salicifolius;11,14084602
6;Araucaria angustifolia;50,99324377
6;Casearia decandra;6,46169069
6;Blepharocalyx salicifolius;10,43886583
6;Myrcia hatschbachii;22,86876548
6;Lithraea brasiliensis;45,10451087
6;Drimys brasiliensis;6,68450761
6;Drimys brasiliensis;8,05324012
6;Casearia obliqua;8,958769402
6;Casearia decandra;5,729577951
6;Drimys brasiliensis;4,997465213
6;Casearia decandra;20,99151736
6;Dasyphyllum tomentosum;46,31408844
6;Calyptranthes concinna;9,485634608
6;Calyptranthes concinna;22,24626326
6;Campomanesia xanthocarpa;21,9293566
6;Eugenia pluriflora;6,270704758
7;Lithraea brasiliensis;27,02450934
7;Solanum sanctaecatharinae;22,60000192
7;Ocotea pulchella;24,95549508
7;Eugenia pluriflora;5,570423008
7;Araucaria angustifolia;21,86788918
7;Casearia decandra;5,506761031
7;Jacaranda puberula;9,740282517
7;Araucaria angustifolia;6,207042781
7;Casearia obliqua;6,594855425
7;Casearia obliqua;6,238873769
7;Araucaria angustifolia;6,079718826
7;Drimys brasiliensis;5,606683264
7;Xylosma ciliatifolia;13,4326772
7;Araucaria angustifolia;19,03493119
7;Casearia decandra;13,65549412
7;Casearia decandra;5,283944111
7;Dasyphyllum tomentosum;29,79380535
7;Drimys brasiliensis;9,867606472
7;Araucaria angustifolia;7,543944303
7;Dasyphyllum spinescens;13,78281807
7;Jacaranda puberula;6,90732453
7;Dasyphyllum spinescens;12,95521237
7;Jacaranda puberula;10,0585924
7;Clethra scabra;6,939155519
7;Araucaria angustifolia;7,416620348
7;Araucaria angustifolia;43,3538065
7;Myrsine sp.;9,103662745
7;Casearia decandra;7,760105172
7;Eugenia pluriflora;11,26816997
7;Banara tomentosa;5,06112719
7;Dasyphyllum tomentosum;38,83380611
7;Cinnamomum amoenum;10,76936949
7;Dasyphyllum tomentosum;15,97915629
7;Araucaria angustifolia;15,69267739
7;Araucaria angustifolia;24,09605838
7;Machaerium paraguariense;23,87324146
7;Solanum sanctaecatharinae;7,193803428
7;Myrcia palustris;5,220282133
7;Casearia decandra;6,875493542
7;Araucaria angustifolia;5,920563883
8;Lithraea brasiliensis;23,30028367
8;Casearia decandra;7,257465405
8;Prunus myrtifolia;35,87352417
8;Lithraea brasiliensis;6,238873769
8;Myrsine umbellata;13,62366313
8;Myrsine umbellata;21,00845249
8;Eugenia pluriflora;15,15683254
8;Cedrela fissilis;15,82000134
8;Xylosma ciliatifolia;17,0614099
8;Cedrela fissilis;6,047887837
8;Annona rugulosa;5,53859202
8;Annona rugulosa;11,23633898
8;Zanthoxylum kleinii;15,82637266
8;Araucaria angustifolia;11,65014183
8;Duranta vestita;13,04938545
8;Zanthoxylum kleinii;10,15408537
8;Jacaranda puberula;5,283944111
8;Solanum pabstii;5,092958179
8;Casearia obliqua;11,61831085
8;Araucaria angustifolia;8,307888029
8;Araucaria angustifolia;35,65070725
8;Myrsine umbellata;10,90168376
8;Casearia decandra;6,079718826
8;Zanthoxylum kleinii;6,68450761
8;Podocarpus lambertii;5,124789168
8;Solanum sanctaecatharinae;6,302535746
8;Calyptranthes concinna;5,624365453
8;Cedrela fissilis;9,867606472
8;Araucaria angustifolia;42,55803178
8;Casearia decandra;5,888732894
8;Drimys brasiliensis;9,252694058
8;Cedrela fissilis;9,89943746
8;Araucaria angustifolia;30,74873501
8;Myrsine umbellata;18,68479032
8;Drimys brasiliensis;8,449613722
8;Araucaria angustifolia;12,15943765
8;Cinnamomum amoenum;34,63211562
8;Cedrela fissilis;12,00028271
8;Araucaria angustifolia;28,96619964
9;Annona rugulosa;5,697746963
9;Annona rugulosa;5,188451145
9;Casearia decandra;5,029296202
9;Zanthoxylum kleinii;13,49633917
9;Annona rugulosa;5,315775099
9;Jacaranda puberula;8,085071109
9;Banara tomentosa;11,14084602
9;Jacaranda puberula;8,403380995
9;Lamanonia ternata;7,321127382
9;Araucaria angustifolia;31,3216928
9;Casearia decandra;5,411268065
9;Casearia obliqua;8,180564075
9;Cedrela fissilis;15,88366332
9;Ocotea pulchella;5,124789168
9;Jacaranda puberula;10,3450713
9;Dasyphyllum tomentosum;14,48309982
9;Casearia decandra;6,047887837
9;Myrsine umbellata;8,37173155
9;Cedrela fissilis;20,1490158
9;Casearia decandra;6,810715901
9;Casearia decandra;5,474930042
9;Annona rugulosa;8,498873961
9;Scutia buxifolia;6,46169069
9;Myrsine coriacea;11,58647986
9;Jacaranda puberula;8,021409132
9;Araucaria angustifolia;7,703099246
9;Duranta vestita;6,175211792
9;Myrsine umbellata;5,856901906
9;Araucaria angustifolia;5,092958179
9;Jacaranda puberula;9,199155711
9;Casearia obliqua;9,644789551
9;Casearia decandra;6,652676621
10;Lithraea brasiliensis;23,45943861
10;Casearia decandra;8,021409132
10;Prunus myrtifolia;24,22338234
10;Podocarpus lambertii;5,092958179
10;Allophylus guaraniticus;16,45662112
10;Eugenia pluriflora;8,97633879
10;Araucaria angustifolia;38,13352436
10;Casearia decandra;5,920563883
10;Casearia decandra;6,589014644
10;Ocotea pulchella;38,89746809
10;Vernonanthura discolor;27,53380515
10;Casearia decandra;7,575775291
10;Duranta vestita;7,352958371
10;Duranta vestita;7,377376702
10;Symplocos uniflora;15,56535343
10;Calyptranthes concinna;5,856901906
10;Duranta vestita;5,252113122
10;Duranta vestita;7,161972439
10;Duranta vestita;6,589014644
10;Duranta vestita;5,220282133
10;Celtis iguanaea;9,549296586
10;Celtis iguanaea;7,512113314
10;Myrsine umbellata;15,3743675
10;Rhamnus sphaerosperma;5,315775099
10;Myrceugenia oxysepala;5,888732894
10;Podocarpus lambertii;18,01633956
10;Jacaranda puberula;12,41408556
10;Myrsine umbellata;7,575775291
10;Calyptranthes concinna;6,525352667
10;Calyptranthes concinna;5,599540471
10;Calyptranthes concinna;11,87504935
10;Casearia decandra;17,41155077
10;Dasyphyllum spinescens;25,40112892
10;Myrcia guianensis;11,87295875
10;Coutarea hexandra;4,997465213
10;Sapium glandulosum;10,82253613
10;Drimys brasiliensis;5,315775099
11;Araucaria angustifolia;11,04535305
11;Banara tomentosa;8,371550007
11;Lithraea brasiliensis;13,8072394
11;Ocotea pulchella;22,91831181
11;Casearia decandra;11,33183195
11;Myrsine coriacea;17,12507188
11;Casearia decandra;10,9180291
11;Lithraea brasiliensis;5,729577951
11;Ilex theezans;12,79605742
11;Ilex theezans;6,525352667
11;Calyptranthes concinna;6,079718826
11;Dasyphyllum tomentosum;16,4884521
11;Lithraea brasiliensis;8,05324012
11;Araucaria angustifolia;32,84958025
11;Ilex theezans;6,334366735
11;Lithraea brasiliensis;24,17785177
11;Myrcia laruotteana;5,092958179
11;Myrcia palustris;6,46169069
11;Calyptranthes concinna;9,356469905
11;Gochnatia polymorpha;24,15972036
11;Ilex theezans;6,175211792
11;Araucaria angustifolia;47,68282095
11;Araucaria angustifolia;13,71915609
11;Myrciaria;6,102507767
11;Dasyphyllum tomentosum;11,7456348
11;Araucaria angustifolia;25,14648101
11;Sapium glandulosum;17,02957891
11;Lithraea brasiliensis;21,16552515
11;Casearia decandra;10,02676141
11;Matayba elaeagnoides;6,429859701
11;Sapium glandulosum;6,111549815
11;Lithraea brasiliensis;23,90507245
11;Lithraea brasiliensis;26,92990055
11;Casearia decandra;8,689859893
11;Calyptranthes concinna;7,604209328
11;Myrcia palustris;6,811831564
11;Xylosma ciliatifolia;5,602253997
11;Araucaria angustifolia;4,074366543
11;Myrsine coriacea;6,047887837
11;Drimys brasiliensis;13,12340358
11;Zanthoxylum rhoifolium;8,498873961
12;Podocarpus lambertii;6,652676621
12;Podocarpus lambertii;6,334366735
12;Podocarpus lambertii;8,085071109
12;Myrcia laruotteana;8,467042972
12;Myrsine umbellata;8,307888029
12;Ocotea pulchella;19,73521294
12;Araucaria angustifolia;30,87605896
12;Ilex dumosa;6,207042781
12;Casearia decandra;16,37626254
12;Myrsine umbellata;11,61831085
12;Araucaria angustifolia;9,103662745
12;Myrsine umbellata;9,963099438
12;Casearia decandra;11,23633898
12;Lithraea brasiliensis;19,63971998
12;Podocarpus lambertii;23,87324146
12;Drimys brasiliensis;8,371550007
12;Lithraea brasiliensis;14,00563499
12;Myrsine coriacea;14,19662092
12;Piptocarpha angustifolia;16,87042397
12;Myrsine umbellata;17,99608231
12;Lithraea brasiliensis;24,92366409
12;Lithraea brasiliensis;22,18619907
12;Dasyphyllum tomentosum;38,06986239
12;Prunus myrtifolia;15,46986047
12;Myrsine umbellata;8,785352859
12;Myrsine umbellata;11,56512292
12;Casearia decandra;8,116902098
12;Lithraea brasiliensis;23,90507245
12;Duranta vestita;5,952394872
12;Lithraea brasiliensis;14,29211389
12;Ilex dumosa;10,24957834
12;Casearia decandra;8,276057041
12;Podocarpus lambertii;8,817183847
12;Araucaria angustifolia;7,639437268
12;Podocarpus lambertii;8,944507802
12;Myrsine umbellata;9,740282517
12;Araucaria angustifolia;39,88422874
12;Zanthoxylum kleinii;8,75352187
12;Myrsine umbellata;8,212395064
12;Araucaria angustifolia;38,83380611
12;Myrsine umbellata;12,60507149
12;Clethra scabra;13,36901522
12;Myrsine umbellata;13,27352225
13;Myrcia palustris;8,381831275
13;Calyptranthes concinna;18,510972
13;Myrcia palustris;10,02256693
13;Myrceugenia myrcioides;8,423853286
13;Ilex theezans;25,24197397
13;Ocotea pulchella;27,50197417
13;Myrsine coriacea;12,63690248
13;Eugenia pluriflora;6,939155519
13;Myrcia guianensis;12,22309963
13;Ilex theezans;16,93408594
13;Lithraea brasiliensis;9,994930426
13;Calyptranthes concinna;5,092958179
13;Drimys brasiliensis;5,476410353
13;Vernonanthura discolor;12,98704336
13;Zanthoxylum kleinii;20,81746656
13;Eugenia pluriflora;9,135493733
13;Calyptranthes concinna;7,463195983
13;Zanthoxylum kleinii;23,68225553
13;Araucaria angustifolia;23,7777485
13;Calyptranthes concinna;6,215199214
13;Calyptranthes concinna;6,219191961
13;Myrcia guianensis;7,04644918
13;Calyptranthes concinna;11,74947287
13;Calyptranthes concinna;11,90449186
13;Zanthoxylum kleinii;10,37690229
13;Araucaria angustifolia;45,00901791
13;Lithraea brasiliensis;12,15943765
13;Lithraea brasiliensis;9,45380362
13;Ilex theezans;11,26816997
13;Calyptranthes concinna;5,656340704
13;Vernonanthura discolor;11,68197282
13;Eugenia pluriflora;11,65014183
13;Duranta vestita;8,338564761
13;Myrsine umbellata;12,36682043
13;Podocarpus lambertii;8,276057041
13;Podocarpus lambertii;5,411268065
13;Podocarpus lambertii;7,60760628
13;Zanthoxylum kleinii;13,81464906
13;Myrcia guianensis;9,708451529
13;Lithraea brasiliensis;15,59718442
13;Myrcia palustris;13,24169127
13;Myrsine umbellata;5,092958179
13;NI;16,96033215
13;Calyptranthes concinna;15,48975841
13;Araucaria angustifolia;7,448451337
14;Lithraea brasiliensis;18,34655457
14;Gochnatia polymorpha;19,35324108
14;Roupala montana;7,130141451
14;Jacaranda puberula;5,53859202
14;Lithraea brasiliensis;13,48270652
14;Myrsine umbellata;7,002817496
14;Ilex theezans;11,56025958
14;Podocarpus lambertii;6,175211792
14;Myrceugenia euosma;6,366197724
14;Podocarpus lambertii;8,180564075
14;Myrcia guianensis;7,254393344
14;Sebastiania commersoniana;11,01352206
14;Myrsine umbellata;14,8332407
14;Podocarpus lambertii;14,76957872
14;Drimys brasiliensis;8,53070495
14;Eugenia pluriflora;7,002817496
14;Casearia decandra;5,793239929
14;Dasyphyllum tomentosum;14,8332407
14;Lithraea brasiliensis;9,803944494
14;Lithraea brasiliensis;12,70056446
14;Lithraea brasiliensis;42,22214763
14;Podocarpus lambertii;30,4940871
14;Myrcia laruotteana;15,88905262
14;Zanthoxylum kleinii;21,32676237
14;Cupania vernalis;7,352958371
14;Araucaria angustifolia;12,3185926
14;Lithraea brasiliensis;16,42479013
14;Zanthoxylum kleinii;22,35371828
14;Ilex theezans;27,56444154
14;Casearia decandra;5,570423008
14;Lithraea brasiliensis;21,20550742
14;Casearia decandra;5,856901906
14;Jacaranda puberula;22,13396124
14;Myrsine umbellata;12,25493062
14;Blepharocalyx salicifolius;7,51332711
14;Jacaranda puberula;6,875493542
14;Xylosma ciliatifolia;6,111549815
14;Zanthoxylum kleinii;14,36858019
14;Matayba elaeagnoides;30,40314346
14;Symplocos uniflora;7,130141451
15;Schinus terebinthifolius;9,835775483
15;Lithraea brasiliensis;9,103662745
15;Blepharocalyx salicifolius;15,21521256
15;Lithraea brasiliensis;22,65939403
15;Calyptranthes concinna;5,188451145
15;Podocarpus lambertii;9,612958563
15;Sapium glandulosum;24,50986124
15;Banara tomentosa;8,53070495
15;Zanthoxylum kleinii;8,269259557
15;Myrcia guianensis;7,487051813
15;Lithraea brasiliensis;7,639437268
15;Myrcia guianensis;20,6455802
15;Matayba elaeagnoides;14,92873366
15;Casearia decandra;7,352958371
15;Casearia decandra;5,252113122
15;Matayba elaeagnoides;16,4884521
15;Zanthoxylum kleinii;16,07619345
15;Matayba elaeagnoides;13,20986028
15;Sapium glandulosum;17,98450857
15;Erythroxylum deciduum;8,276057041
15;Myrsine umbellata;6,90732453
15;Symplocos uniflora;10,66338119
15;Banara tomentosa;6,047887837
15;Casearia decandra;15,83088546
15;Casearia decandra;6,079718826
15;Zanthoxylum kleinii;9,390141642
15;Eugenia pluriflora;12,60507149
15;Allophylus guaraniticus;5,156620156
15;Drimys brasiliensis;5,729577951
15;Cupania vernalis;5,952394872
15;Allophylus guaraniticus;5,411268065
15;Symplocos uniflora;14,06929697
15;Myrsine umbellata;8,05324012
15;Myrcia guianensis;12,51573262
15;Zanthoxylum kleinii;7,639437268
15;Podocarpus lambertii;25,14648101
15;Myrcia laruotteana;8,590888393
15;Oreopanax fulvus;8,498873961
15;Matayba elaeagnoides;10,09042339
15;Zanthoxylum kleinii;22,7312264
15;Roupala montana;13,17887501
15;Matayba elaeagnoides;14,64225476
15;Podocarpus lambertii;11,01605169
15;Sapium glandulosum;7,925916166
15;Araucaria angustifolia;17,18873385
15;Araucaria angustifolia;26,51521352
15;Allophylus guaraniticus;6,366197724
15;Allophylus guaraniticus;10,49911275
15;Gochnatia polymorpha;7,543944303
15;Xylosma ciliatifolia;10,08138215
15;Erythroxylum deciduum;10,94986008
15;Podocarpus lambertii;5,729577951
15;Gochnatia polymorpha;17,3478888
15;Xylosma ciliatifolia;12,47774754
16;Araucaria angustifolia;5,729577951
16;Zanthoxylum kleinii;11,52281788
16;Lithraea brasiliensis;5,411268065
16;Lithraea brasiliensis;16,4884521
16;Lithraea brasiliensis;9,326479665
16;Araucaria angustifolia;6,970986507
16;Xylosma ciliatifolia;5,379437077
16;Zanthoxylum kleinii;12,01863271
16;Araucaria angustifolia;9,867606472
16;Duranta vestita;5,313582693
16;Casearia decandra;7,689341761
16;Roupala montana;6,46169069
16;Casearia decandra;5,952394872
16;Gochnatia polymorpha;16,39295914
16;Podocarpus lambertii;22,05887511
16;Myrsine umbellata;5,53859202
16;Jacaranda puberula;6,143380803
16;Araucaria angustifolia;16,93408594
16;Duranta vestita;5,411268065
16;Araucaria angustifolia;24,82817112
16;Myrcia guianensis;5,570423008
16;Podocarpus lambertii;16,2338042
16;Araucaria angustifolia;8,53070495
16;Jacaranda puberula;13,05070533
16;Araucaria angustifolia;5,029296202
16;Dasyphyllum spinescens;26,35605858
16;Jacaranda puberula;10,88619811
16;Jacaranda puberula;17,60253671
16;Myrsine umbellata;7,002817496
16;Gochnatia polymorpha;15,08788861
16;Casearia decandra;7,60760628
16;Myrcia guianensis;5,53859202
16;Jacaranda puberula;7,512113314
16;Jacaranda puberula;8,75352187
16;Banara tomentosa;5,124789168
16;Myrsine umbellata;6,716338598
16;Araucaria angustifolia;6,68450761
16;Jacaranda puberula;7,957747155
16;Jacaranda puberula;5,260883436
16;Prunus myrtifolia;12,83878373
16;Matayba elaeagnoides;25,43295991
16;Xylosma tweediana;6,90732453
16;Araucaria angustifolia;6,843662553
16;Jacaranda puberula;7,957747155
16;Dasyphyllum tomentosum;14,13295895
16;Jacaranda puberula;8,085071109
16;Symplocos uniflora;18,44275504
16;Xylosma ciliatifolia;13,71915609
16;Allophylus guaraniticus;11,4591559
16;Duranta vestita;8,795092817
16;Jacaranda puberula;4,997465213
16;Casearia decandra;6,759720956
16;Casearia decandra;6,366197724
16;Myrsine umbellata;8,05324012
16;Xylosma ciliatifolia;6,68450761
16;Casearia decandra;7,260605941
16;Roupala montana;10,72704316
16;Lithraea brasiliensis;9,612958563
16;Allophylus guaraniticus;5,920563883
16;Jacaranda puberula;10,82253613
16;Jacaranda puberula;12,65456956
16;Casearia decandra;20,05352283
16;Casearia decandra;6,047887837
17;Araucaria angustifolia;26,2923966
17;Matayba elaeagnoides;27,53380515
17;Ocotea pulchella;16,20197321
17;Jacaranda puberula;6,780000576
17;Jacaranda puberula;10,15408537
17;Lithraea brasiliensis;39,91651663
17;Jacaranda puberula;9,708451529
17;Jacaranda puberula;15,18338157
17;Myrsine umbellata;9,581127574
17;Araucaria angustifolia;6,238873769
17;Prunus myrtifolia;5,315775099
17;Jacaranda puberula;15,56535343
17;Jacaranda puberula;10,8966638
17;Jacaranda puberula;14,06929697
17;Myrsine coriacea;21,35256787
17;Jacaranda puberula;12,79605742
17;Zanthoxylum kleinii;7,543944303
17;Jacaranda puberula;8,212395064
17;Araucaria angustifolia;8,339719018
17;Jacaranda puberula;6,398028712
17;Myrsine umbellata;8,244226052
17;Duranta vestita;5,793239929
17;Myrsine umbellata;8,97633879
17;Zanthoxylum kleinii;26,66430068
17;Zanthoxylum kleinii;17,79352264
17;Araucaria angustifolia;6,90732453
17;Matayba elaeagnoides;6,238873769
17;Jacaranda puberula;10,91204174
17;Jacaranda puberula;5,952394872
17;Jacaranda puberula;17,22056484
17;Jacaranda puberula;11,84112777
17;Myrsine umbellata;19,64064857
17;Ocotea pulchella;11,10901503
17;Lithraea brasiliensis;9,612958563
17;Zanthoxylum kleinii;6,843662553
17;Jacaranda puberula;6,748169587
17;Casearia obliqua;16,20197321
17;Myrsine umbellata;5,252113122
17;Jacaranda puberula;6,429859701
17;Jacaranda puberula;5,856901906
17;Jacaranda puberula;6,970986507
17;Zanthoxylum kleinii;12,76422644
17;Jacaranda puberula;6,875493542
17;Jacaranda puberula;5,920563883
17;Jacaranda puberula;6,175211792
17;Lithraea brasiliensis;21,95611518
17;Jacaranda puberula;12,82788841
17;Calyptranthes concinna;7,82259093
17;Zanthoxylum kleinii;10,3450713
17;Podocarpus lambertii;19,38507207
17;Jacaranda puberula;11,07718404
17;Jacaranda puberula;13,59183214
17;Jacaranda puberula;5,793239929
17;Casearia decandra;6,366197724
17;Jacaranda puberula;7,161972439
17;Cinnamomum amoenum;35,49155231
17;Solanum sanctaecatharinae;6,843662553
17;Jacaranda puberula;6,079718826
17;Myrcia guianensis;17,18339839
17;Jacaranda puberula;5,665915974
17;Jacaranda puberula;5,920563883
17;Jacaranda puberula;10,69521218
17;Podocarpus lambertii;28,20225592
17;Eugenia pluriflora;6,557183655
17;Casearia decandra;5,156620156
17;Calyptranthes concinna;6,46169069
17;Calyptranthes concinna;6,548215399
17;Jacaranda puberula;5,76140894
17;Calyptranthes concinna;9,690954809
17;Jacaranda puberula;5,315775099
17;Jacaranda puberula;5,347606088
17;Casearia decandra;13,87831104
17;Lithraea brasiliensis;25,27380496
17;Solanum sanctaecatharinae;15,34253651
17;Jacaranda puberula;6,780000576
17;Ocotea pulchella;31,13070687
17;Jacaranda puberula;6,493521678
17;Jacaranda puberula;8,378083098
17;Jacaranda puberula;10,02676141
17;Jacaranda puberula;6,46169069
17;Annona rugulosa;7,575775291
17;Casearia decandra;5,220282133
17;Jacaranda puberula;11,39549393
17;Dasyphyllum tomentosum;32,18112949
18;Vernonanthura discolor;28,2340869
18;Duranta vestita;11,26816997
18;Duranta vestita;6,507393909
18;Araucaria angustifolia;5,092958179
18;Sapium glandulosum;21,40560027
18;Casearia decandra;6,398028712
18;Araucaria angustifolia;12,28676161
18;Duranta vestita;11,83654904
18;Sapium glandulosum;9,230986699
18;Sapium glandulosum;22,75915686
18;Vernonanthura discolor;24,28704432
18;Zanthoxylum rhoifolium;10,3450713
18;Araucaria angustifolia;19,67155097
18;Araucaria angustifolia;9,103662745
18;Araucaria angustifolia;32,4357774
18;Casearia decandra;7,970215135
18;Zanthoxylum rhoifolium;5,952394872
18;Araucaria angustifolia;19,95802986
18;Casearia decandra;6,436238492
18;Annona rugulosa;7,734930234
18;Araucaria angustifolia;29,85746732
18;Araucaria angustifolia;10,72704316
18;Sapium glandulosum;8,371550007
18;Zanthoxylum rhoifolium;8,97633879
18;Podocarpus lambertii;11,69774757
18;Sapium glandulosum;12,28676161
18;Lithraea brasiliensis;50,92958179
18;Podocarpus lambertii;27,88394603
18;Araucaria angustifolia;24,76450915
18;Cupania vernalis;6,270704758
18;Duranta vestita;6,207042781
18;Araucaria angustifolia;14,51493081
18;Araucaria angustifolia;12,52095314
18;Araucaria angustifolia;46,95070821
18;Araucaria angustifolia;23,93690344
18;Ilex dumosa;11,30000096
19;Casearia decandra;5,283944111
19;Banara tomentosa;5,220282133
19;Casearia decandra;5,729577951
19;Sapium glandulosum;5,634084985
19;Oreopanax fulvus;8,75352187
19;Vernonanthura discolor;12,95521237
19;Zanthoxylum rhoifolium;9,040000768
19;Sapium glandulosum;6,366197724
19;Zanthoxylum rhoifolium;12,66873347
19;Casearia decandra;5,665915974
19;Ilex paraguariensis;6,970986507
19;Allophylus guaraniticus;8,478881568
19;Casearia decandra;6,654503987
19;Quillaja brasiliensis;7,798592212
19;Cupania vernalis;5,602253997
19;Sapium glandulosum;6,079718826
19;Sapium glandulosum;8,180564075
19;Allophylus guaraniticus;6,780000576
19;Araucaria angustifolia;44,84986296
19;Myrsine umbellata;5,474930042
19;Casearia obliqua;33,35887607
19;Vernonanthura discolor;14,80140971
19;Duranta vestita;6,493521678
19;Podocarpus lambertii;22,18619907
19;Lamanonia ternata;12,63690248
19;Sapium glandulosum;5,506761031
19;Zanthoxylum rhoifolium;10,28140932
19;Annona rugulosa;10,92470878
19;Vernonanthura discolor;33,58380493
19;Myrsine umbellata;5,252113122
19;Vernonanthura discolor;22,34535401
19;Dicksonia sellowiana;20,49915667
19;Allophylus guaraniticus;5,254524007
19;Cedrela fissilis;19,79887492
19;Oreopanax fulvus;9,390141642
19;Oreopanax fulvus;5,092958179
20;Sapium glandulosum;6,620845633
20;Vernonanthura discolor;22,02704412
20;Dicksonia sellowiana;19,32141009
20;Lamanonia ternata;8,594366927
20;Dicksonia sellowiana;19,13042416
20;Cupania vernalis;6,238873769
20;Sapium glandulosum;14,45126883
20;Dicksonia sellowiana;37,4650736
20;Banara tomentosa;6,334366735
20;Dicksonia sellowiana;28,61605877
20;Sapium glandulosum;8,594366927
20;Matayba elaeagnoides;19,41690306
20;Dicksonia sellowiana;17,92084659
20;Lamanonia ternata;6,875493542
20;Dicksonia sellowiana;14,57859279
20;Lithraea brasiliensis;40,36169357
20;Casearia obliqua;10,09042339
20;Lamanonia ternata;5,570423008
20;Casearia decandra;9,89943746
20;Araucaria angustifolia;25,78310078
20;Myrsine coriacea;19,19408614
20;Araucaria angustifolia;6,620845633
20;Sapium glandulosum;10,82253613
20;Sapium glandulosum;11,87295875
20;Lamanonia ternata;13,36901522
20;Sapium glandulosum;12,54140952
20;Dicksonia sellowiana;27,6929601
20;Sapium glandulosum;7,8304232
20;Matayba elaeagnoides;5,888732894
20;Ocotea pulchella;30,90788995
20;Cupania vernalis;8,212395064
20;Dicksonia sellowiana;40,99831334
20;Dasyphyllum tomentosum;5,570423008
20;Symplocos uniflora;7,957747155
20;Dicksonia sellowiana;42,90817266
20;Sapium glandulosum;9,45380362
20;Lamanonia ternata;8,944507802
20;Sapium glandulosum;16,2338042
20;Dicksonia sellowiana;21,35859336
20;Dicksonia sellowiana;25,14648101
21;Zanthoxylum rhoifolium;8,817183847
21;Celtis iguanaea;5,443099054
21;Sapium glandulosum;8,75352187
21;Araucaria angustifolia;54,43099054
21;Celtis iguanaea;6,716338598
21;Celtis iguanaea;6,875493542
21;Dicksonia sellowiana;27,08817131
21;Casearia obliqua;8,562535938
21;Celtis iguanaea;7,130141451
21;Celtis iguanaea;28,58422778
21;Duranta vestita;8,276057041
21;Blepharocalyx salicifolius;7,257465405
21;Campomanesia xanthocarpa;6,143380803
21;Araucaria angustifolia;13,84648005
21;Banara tomentosa;5,634084985
21;Araucaria angustifolia;13,52817016
21;Dicksonia sellowiana;21,39042435
21;Casearia obliqua;11,71380381
21;Casearia obliqua;21,00845249
21;Casearia decandra;6,366197724
21;Casearia obliqua;13,71915609
21;Casearia decandra;8,53070495
21;Xylosma ciliatifolia;9,262817688
21;Casearia obliqua;6,851061109
21;Podocarpus lambertii;6,589014644
21;Casearia decandra;7,766761223
21;Casearia decandra;11,04535305
21;Lithraea brasiliensis;23,07746675
21;Sapium glandulosum;15,27887454
21;Casearia decandra;6,079718826
21;Araucaria angustifolia;6,716338598
21;Solanum sanctaecatharinae;12,00028271
21;Casearia decandra;5,474930042
21;Araucaria angustifolia;10,6315502
21;Banara tomentosa;7,766761223
21;Celtis iguanaea;7,60760628
21;Celtis iguanaea;6,207042781
22;Matayba elaeagnoides;12,25493062
22;Cinnamomum amoenum;41,57127114
22;Matayba elaeagnoides;15,43802948
22;Dalbergia frutescens;12,15943765
22;Matayba elaeagnoides;19,576058
22;Matayba elaeagnoides;18,36648043
22;Matayba elaeagnoides;5,315775099
22;Matayba elaeagnoides;16,99774792
22;Eugenia pyriformis;19,89436789
22;Matayba elaeagnoides;15,9473253
22;Matayba elaeagnoides;12,0321137
22;Matayba elaeagnoides;15,40619849
22;Matayba elaeagnoides;9,071831756
22;Coutarea hexandra;22,57927986
22;Xylosma ciliatifolia;9,390141642
22;Xylosma ciliatifolia;6,90732453
22;Xylosma ciliatifolia;5,76140894
22;Casearia obliqua;18,1754945
22;Casearia obliqua;18,52563538
22;Casearia decandra;5,665915974
22;Maytenus dasyclada;9,994930426
22;Matayba elaeagnoides;21,93155116
22;Podocarpus lambertii;6,334366735
22;Casearia decandra;33,07913645
22;Matayba elaeagnoides;14,2602829
23;Casearia obliqua;26,39451219
23;Dasyphyllum spinescens;13,56000115
23;Araucaria angustifolia;10,50422624
23;Casearia obliqua;18,87730601
23;Casearia obliqua;17,18873385
23;Araucaria angustifolia;12,35042358
23;Duranta vestita;12,49774768
23;Allophylus edulis;14,41943784
23;Casearia decandra;17,13069167
23;Xylosma ciliatifolia;5,315775099
23;Araucaria angustifolia;30,87605896
23;Xylosma ciliatifolia;7,512113314
23;Dasyphyllum tomentosum;40,58451049
23;Xylosma ciliatifolia;16,74639777
23;Lithraea brasiliensis;38,59895557
23;Araucaria angustifolia;16,774931
23;Machaerium paraguariense;12,0321137
23;Erythroxylum deciduum;7,703099246
23;Casearia obliqua;9,803944494
23;Casearia obliqua;12,38225457
23;Oreopanax fulvus;6,429859701
23;Casearia decandra;7,174622927
23;Casearia obliqua;6,589014644
23;Casearia decandra;11,39549393
23;Sapium glandulosum;30,81239698
23;Casearia obliqua;6,429859701
23;Solanum sanctaecatharinae;23,8778459
24;Ilex theezans;18,89187275
24;Jacaranda puberula;15,46986047
24;Annona rugulosa;10,09042339
24;Casearia decandra;6,047636535
24;Jacaranda puberula;6,970986507
24;Lithraea brasiliensis;27,18366428
24;Jacaranda puberula;16,64760705
24;Sapium glandulosum;14,57859279
24;Dalbergia frutescens;6,302535746
24;Lithraea brasiliensis;26,41972055
24;Myrsine umbellata;6,685189668
24;Allophylus edulis;5,315775099
24;Casearia obliqua;42,28770498
24;Duranta vestita;6,875493542
24;Jacaranda puberula;9,06741902
24;Cedrela fissilis;14,89690267
24;Annona rugulosa;7,448451337
24;Eugenia pyriformis;5,621932944
24;Araucaria angustifolia;16,83859298
24;Casearia obliqua;15,52301728
24;Xylosma ciliatifolia;5,856901906
24;Araucaria angustifolia;8,180564075
24;Jacaranda puberula;6,620845633
24;Casearia obliqua;6,970986507
24;Machaerium paraguariense;29,28450953
24;Casearia obliqua;6,366197724
24;Casearia decandra;9,294648677
24;Myrcia guianensis;5,665915974
24;Casearia decandra;5,570423008
24;Jacaranda puberula;11,4591559
24;Sapium glandulosum;6,207042781
24;Celtis iguanaea;6,748169587
24;Xylosma ciliatifolia;7,766761223
24;Lithraea brasiliensis;25,54442291
24;Jacaranda puberula;5,443099054
24;Sapium glandulosum;9,740282517
24;Sapium glandulosum;7,639437268
24;Zanthoxylum rhoifolium;16,2338042
24;Dasyphyllum tomentosum;39,152116
24;Allophylus guaraniticus;10,18591636
25;Casearia decandra;10,41418303
25;Myrcia hatschbachii;6,892052242
25;Myrcia multiflora;31,0352139
25;Casearia obliqua;17,3478888
25;Maytenus dasyclada;18,30281846
25;Campomanesia xanthocarpa;33,2504502
25;Araucaria angustifolia;22,28169203
25;Araucaria angustifolia;47,74648293
25;Casearia decandra;12,12760666
25;Lithraea brasiliensis;14,96056465
25;Casearia decandra;7,512113314
25;Myrcia guianensis;13,62366313
25;Araucaria angustifolia;43,76760935
25;Eugenia pyriformis;13,1461983
25;Podocarpus lambertii;23,23662169
25;Jacaranda puberula;7,098310462
25;Nectandra megapotamica;16,96591693
25;Myrcia palustris;7,098310462
25;Drimys brasiliensis;13,21449988
25;Araucaria angustifolia;8,53070495
25;Sapium glandulosum;15,62901541
25;Casearia decandra;7,507323651
25;Prunus myrtifolia;29,9211293
25;Cupania vernalis;25,87859375
25;Casearia decandra;7,766761223
26;Casearia decandra;9,660324849
26;Casearia obliqua;7,734930234
26;Sapium glandulosum;14,67408575
26;Duranta vestita;8,339719018
26;Sapium glandulosum;10,75887415
26;Sapium glandulosum;23,42760762
26;Cupania vernalis;13,59764546
26;Cupania vernalis;14,64225476
26;Cupania vernalis;11,7456348
26;Casearia obliqua;5,920563883
26;Casearia obliqua;8,944507802
26;Machaerium paraguariense;36,39046364
26;Casearia decandra;9,199155711
26;Podocarpus lambertii;6,811831564
26;Ocotea pulchella;49,42584881
26;Sapium glandulosum;18,36648043
26;Jacaranda puberula;7,60760628
26;Sapium glandulosum;7,352958371
26;Jacaranda puberula;8,021409132
26;Myrsine coriacea;26,35605858
26;Jacaranda puberula;14,06929697
26;Jacaranda puberula;7,289296394
26;Casearia decandra;8,435211984
26;Sapium glandulosum;13,71915609
26;Casearia decandra;7,384789359
26;Jacaranda puberula;9,230986699
26;Sapium glandulosum;20,9766215
26;Jacaranda puberula;17,76169165
26;Sapium glandulosum;8,085071109
26;Sapium glandulosum;7,862254189
26;Duranta vestita;7,416620348
26;Casearia decandra;5,315775099
26;Podocarpus lambertii;11,04535305
26;Sapium glandulosum;11,39549393
26;Annona rugulosa;8,849014836
27;Jacaranda puberula;10,37690229
27;Myrcia palustris;12,79605742
27;Sapium glandulosum;6,238873769
27;Podocarpus lambertii;7,289296394
27;Sapium glandulosum;5,729577951
27;Casearia decandra;6,716338598
27;Vernonanthura discolor;32,62676333
27;Solanum sanctaecatharinae;8,148733086
27;Prunus myrtifolia;11,33183195
27;Sapium glandulosum;15,69267739
27;Casearia decandra;8,276057041
27;Jacaranda puberula;7,862254189
27;Myrsine umbellata;6,238873769
27;Sapium glandulosum;29,57098843
27;Vernonanthura discolor;32,91324223
27;Casearia decandra;5,156620156
27;Jacaranda puberula;16,26563518
27;Vernonanthura discolor;33,67718596
27;Casearia obliqua;11,42732491
27;Maytenus dasyclada;13,75098708
27;Ocotea pulchella;19,48056503
27;Myrsine umbellata;16,04281826
27;Jacaranda puberula;6,175211792
27;Lamanonia ternata;45,4691829
27;Roupala montana;6,90732453
27;Lithraea brasiliensis;29,28450953
27;Ocotea pulchella;37,68789052
27;Casearia decandra;5,156620156
27;Eugenia pyriformis;13,11436731
27;Casearia obliqua;7,448451337
27;Araucaria angustifolia;13,91014203
27;Cupania vernalis;9,103662745
27;Podocarpus lambertii;6,079718826
27;Allophylus edulis;5,029296202
27;Lithraea brasiliensis;32,30845345
27;Podocarpus lambertii;9,071831756
27;Ocotea pulchella;32,1492985
28;Gochnatia polymorpha;5,773969368
28;Lamanonia ternata;11,42572882
28;Jacaranda puberula;15,08788861
28;Casearia decandra;5,220282133
28;Podocarpus lambertii;10,12225438
28;Sapium glandulosum;8,658028904
28;Sapium glandulosum;10,56788822
28;Jacaranda puberula;8,021409132
28;Matayba elaeagnoides;26,61070648
28;Duranta vestita;11,33478219
28;Duranta vestita;8,374030762
28;Jacaranda puberula;14,45126883
28;Dicksonia sellowiana;18,65295933
28;Lithraea brasiliensis;67,57718884
28;Araucaria angustifolia;39,34310193
28;Casearia decandra;6,620845633
28;Dasyphyllum tomentosum;17,50704374
28;Duranta vestita;7,867471709
28;Dasyphyllum spinescens;15,91549431
28;Sapium glandulosum;19,38507207
28;Celtis iguanaea;5,665915974
28;Drimys brasiliensis;11,26816997
28;Campomanesia xanthocarpa;18,5136265
28;Sapium glandulosum;16,90225496
28;Dalbergia frutescens;18,22829293
29;Podocarpus lambertii;6,366197724
29;Duranta vestita;11,18269338
29;Casearia obliqua;5,188451145
29;Campomanesia xanthocarpa;17,0614099
29;Casearia decandra;6,493521678
29;Casearia decandra;6,21234568
29;Jacaranda puberula;5,53859202
29;Jacaranda puberula;10,72704316
29;Sapium glandulosum;27,05634033
29;Lithraea brasiliensis;30,79111417
29;Sapium glandulosum;25,87859375
29;Zanthoxylum rhoifolium;15,78817035
29;Araucaria angustifolia;22,12253709
29;Myrsine umbellata;7,798592212
29;Jacaranda puberula;12,98704336
29;Zanthoxylum rhoifolium;15,75633937
29;Sapium glandulosum;7,225634416
29;Myrsine umbellata;21,70873424
29;Araucaria angustifolia;16,36112815
29;Araucaria angustifolia;6,748169587
29;Blepharocalyx salicifolius;21,74056523
29;Casearia decandra;5,53859202
30;Sebastiania commersoniana;11,06606505
30;Casearia decandra;10,12225438
30;Sebastiania commersoniana;28,77521371
30;Sebastiania commersoniana;6,302535746
30;Ocotea pulchella;24,41436827
30;Lithraea brasiliensis;17,3478888
30;Duranta vestita;6,811831564
30;Casearia decandra;5,920563883
30;Solanum pabstii;6,811831564
30;Araucaria angustifolia;5,474930042
30;Araucaria angustifolia;7,225634416
30;Cinnamomum amoenum;6,493521678
30;Nectandra megapotamica;7,002817496
30;Araucaria angustifolia;5,53859202
30;Allophylus edulis;12,3185926
30;Ocotea diospyrifolia;18,7484523
30;Dicksonia sellowiana;28,29774888
30;Araucaria angustifolia;33,13605915
30;Casearia decandra;11,36366294
30;Casearia decandra;8,785352859
30;Zanthoxylum rhoifolium;13,4326772
30;Zanthoxylum rhoifolium;12,54140952
30;Zanthoxylum rhoifolium;8,562535938
30;Ilex theezans;7,543944303
30;Allophylus edulis;9,008169779
30;Sebastiania commersoniana;5,220282133
30;Zanthoxylum rhoifolium;11,7456348
30;Erythroxylum deciduum;20,21267777
30;Sebastiania commersoniana;26,86535439
30;Sebastiania commersoniana;19,576058
30;Sebastiania commersoniana;22,69301702
30;Eugenia pyriformis;4,997465213
30;Sebastiania commersoniana;9,040000768
30;Sebastiania commersoniana;12,85912847
30;Sebastiania commersoniana;14,5467618
30;Casearia decandra;6,557183655
30;Lamanonia ternata;6,652676621
31;Prunus myrtifolia;31,99014356
31;Podocarpus lambertii;13,91014203
31;Machaerium paraguariense;8,594366927
31;Araucaria angustifolia;5,53859202
31;Myrsine umbellata;6,875493542
31;Araucaria angustifolia;5,920563883
31;Roupala montana;11,93662073
31;Cinnamomum amoenum;29,88929831
31;Cinnamomum amoenum;18,62112834
31;Araucaria angustifolia;16,13831123
31;Casearia decandra;7,734930234
31;Lithraea brasiliensis;34,66244125
31;Araucaria angustifolia;14,89690267
31;Duranta vestita;11,71380381
31;Lithraea brasiliensis;21,99521314
31;Myrsine umbellata;5,825070917
31;Duranta vestita;10,99423178
31;Ocotea puberula;42,74901771
31;Xylosma tweediana;6,065119037
31;Myrsine umbellata;6,716338598
31;Casearia decandra;8,53070495
31;Lithraea brasiliensis;38,60007117
31;Araucaria angustifolia;17,79352264
31;Machaerium paraguariense;17,18873385
31;Casearia decandra;6,46169069
31;Ocotea pulchella;33,6245093
31;Blepharocalyx salicifolius;7,002817496
31;Araucaria angustifolia;32,1492985
31;Podocarpus lambertii;6,079718826
31;Machaerium paraguariense;9,89943746
31;Blepharocalyx salicifolius;5,252113122
31;Myrrhinium atropurpureum;9,803944494
31;Roupala montana;37,7015587
31;Machaerium paraguariense;15,53776165
31;Machaerium paraguariense;13,62366313
31;Machaerium paraguariense;6,016056849
31;Ocotea pulchella;8,467042972
31;Lithraea brasiliensis;13,36901522
31;Myrcia palustris;8,339719018
31;Casearia decandra;8,296232883
31;Araucaria angustifolia;10,15408537
32;Podocarpus lambertii;7,862254189
32;Lamanonia ternata;5,888732894
32;Drimys brasiliensis;6,650848754
32;Araucaria angustifolia;11,77746579
32;Duranta vestita;7,428155235
32;Handroanthus albus;20,27491555
32;Lithraea brasiliensis;18,68479032
32;Ilex theezans;5,98422586
32;Myrsine umbellata;6,366197724
32;Duranta vestita;5,156620156
32;Duranta vestita;11,78064846
32;Araucaria angustifolia;44,43606011
32;Jacaranda puberula;11,80929678
32;Jacaranda puberula;10,79070514
32;Annona rugulosa;7,734930234
32;Myrsine coriacea;23,01380477
32;Prunus myrtifolia;13,94197301
32;Prunus myrtifolia;27,05634033
32;Symplocos uniflora;11,33183195
32;Jacaranda puberula;6,843662553
32;Jacaranda puberula;8,53070495
32;Myrcia palustris;18,93943823
32;Ocotea pulchella;23,39577663
32;Jacaranda puberula;14,5467618
32;Podocarpus lambertii;11,20450799
32;Araucaria angustifolia;9,199155711
32;Myrcia palustris;5,029296202
32;Jacaranda puberula;6,047887837
32;Araucaria angustifolia;14,00563499
32;Myrcia palustris;9,89943746
32;Casearia decandra;5,347606088
32;Jacaranda puberula;7,066479473
32;Araucaria angustifolia;39,59774984
32;Drimys brasiliensis;5,156620156
32;Casearia decandra;5,825070917
32;Symplocos uniflora;5,347606088
33;Blepharocalyx salicifolius;6,652676621
33;Myrcia guianensis;7,957747155
33;Casearia decandra;7,639437268
33;Myrsine umbellata;9,67662054
33;Lithraea brasiliensis;30,04845326
33;Ilex theezans;13,81464906
33;Casearia decandra;9,326479665
33;Vernonanthura discolor;32,27662246
33;Casearia decandra;6,493521678
33;Lamanonia ternata;15,50169146
33;Drimys brasiliensis;6,143380803
33;Cupania vernalis;10,18591636
33;Myrcia guianensis;6,111549815
33;Banara tomentosa;7,512113314
33;Casearia decandra;8,880845825
33;Myrcia guianensis;6,426943825
33;Casearia decandra;8,594366927
33;Podocarpus lambertii;12,15943765
33;Ocotea pulchella;16,17014222
33;Coutarea hexandra;6,047887837
33;Casearia decandra;11,7456348
33;Duranta vestita;7,321127382
33;Myrcia guianensis;13,973804
33;Myrcia hatschbachii;21,65323911
33;Lamanonia ternata;41,15746828
33;Zanthoxylum rhoifolium;11,07718404
33;Banara tomentosa;11,26816997
33;Banara tomentosa;15,02422663
33;Dicksonia sellowiana;33,07239717
34;Myrcia hatschbachii;8,721690881
34;Lamanonia ternata;31,57634071
34;Banara tomentosa;6,238873769
34;Clethra scabra;7,766761223
34;Myrcia hatschbachii;5,825070917
34;Myrcia hatschbachii;14,76957872
34;Myrcia hatschbachii;8,180564075
34;Prunus myrtifolia;27,43831219
34;Casearia decandra;7,766761223
34;Myrcia guianensis;5,977873222
34;Xylosma ciliatifolia;10,66338119
34;Araucaria angustifolia;12,3185926
34;Cupania vernalis;6,875493542
34;Clethra scabra;13,65549412
34;Ilex theezans;25,27380496
34;Casearia decandra;9,517465597
34;Lamanonia ternata;23,52310059
34;Lamanonia ternata;26,83352341
34;Solanum sanctaecatharinae;14,99876184
35;Casearia decandra;5,284327603
35;Zanthoxylum rhoifolium;11,93662073
35;Casearia decandra;5,793239929
35;Eugenia uruguayensis;5,315775099
35;Nectandra megapotamica;26,26056561
35;Zanthoxylum rhoifolium;6,302535746
35;Myrsine umbellata;6,270704758
35;Lamanonia ternata;12,09577567
35;Podocarpus lambertii;5,379437077
35;Araucaria angustifolia;13,84648005
35;Lamanonia ternata;13,46450819
35;Cinnamomum amoenum;6,652676621
35;Myrsine coriacea;10,28140932
35;Araucaria angustifolia;21,99521314
35;Lithraea brasiliensis;12,5732405
35;Lamanonia ternata;9,708451529
35;Ilex theezans;6,016056849
35;Myrsine umbellata;7,480282325
35;Podocarpus lambertii;10,21774735
35;Myrcia hatschbachii;10,20167046
35;Araucaria angustifolia;22,40901599
35;Casearia decandra;7,384789359
35;Lamanonia ternata;12,20522307
35;Zanthoxylum rhoifolium;11,96845172
35;Myrsine umbellata;8,116902098
35;Casearia decandra;6,334366735
35;Casearia decandra;7,098310462
35;Lamanonia ternata;41,98507399
35;Podocarpus lambertii;5,76140894
35;Ilex theezans;5,856901906
35;Ocotea pulchella;10,88619811
35;Cupania vernalis;12,25493062
36;Cupania vernalis;16,56361821
36;Casearia obliqua;9,358310654
36;Cupania vernalis;10,79070514
36;Casearia obliqua;6,207042781
36;Cupania vernalis;20,72830459
36;Cupania vernalis;11,58647986
36;Zanthoxylum rhoifolium;12,22309963
36;Duranta vestita;18,01633956
36;Scutia buxifolia;8,244226052
36;Casearia decandra;7,512113314
36;Sapium glandulosum;14,5467618
36;Allophylus guaraniticus;13,8376963
36;Sapium glandulosum;24,54169222
36;Sapium glandulosum;18,90760724
36;Annona rugulosa;13,46586263
36;Lithraea brasiliensis;17,44338176
36;Cupania vernalis;9,040000768
36;Casearia decandra;8,562535938
36;Cupania vernalis;8,435211984
36;Cupania vernalis;6,207042781
36;Duranta vestita;8,085071109
36;Podocarpus lambertii;28,45690382
36;Podocarpus lambertii;9,549296586
36;Prunus myrtifolia;16,20197321
36;Araucaria angustifolia;24,66901618
36;Lamanonia ternata;13,11436731
36;Podocarpus lambertii;14,5467618
36;Podocarpus lambertii;19,06676218
36;Scutia buxifolia;10,33590971
36;Cupania vernalis;16,00143798
37;Vernonanthura discolor;18,36648043
37;Symplocos uniflora;12,35042358
37;Ilex theezans;6,175211792
37;Cinnamomum amoenum;24,98732607
37;Ilex dumosa;10,86817355
37;Ilex dumosa;9,071831756
37;Myrrhinium atropurpureum;10,24957834
37;Myrsine umbellata;8,085071109
37;Lamanonia ternata;7,766761223
37;Jacaranda puberula;12,89155039
37;Lamanonia ternata;7,448451337
37;Jacaranda puberula;10,21774735
37;Casearia decandra;15,31404708
37;Myrcia guianensis;14,23201198
37;Matayba elaeagnoides;7,193803428
37;Sapium glandulosum;21,68669339
37;Sapium glandulosum;32,75408729
37;Matayba elaeagnoides;19,95802986
37;Ocotea pulchella;16,42479013
37;Dicksonia sellowiana;16,87042397
37;Dicksonia sellowiana;15,62901541
37;Dicksonia sellowiana;15,27887454
37;Ilex microdonta;16,830829
37;Ocotea pulchella;7,130141451
37;Allophylus edulis;5,06112719
37;Dicksonia sellowiana;22,18126631
37;Allophylus guaraniticus;6,175211792
37;Sapium glandulosum;12,44591655
37;Dicksonia sellowiana;19,19408614
37;Dicksonia sellowiana;18,30281846
37;Lamanonia ternata;32,97189567
37;Dicksonia sellowiana;14,00563499
37;Cupania vernalis;13,20986028
37;Prunus myrtifolia;6,238873769
37;Casearia decandra;9,820930422
37;Prunus myrtifolia;13,81464906
37;Maytenus boaria;12,41408556
37;Prunus myrtifolia;30,08028424
37;Clethra scabra;27,82028405
37;Ocotea pulchella;7,225634416
37;Sapium glandulosum;6,748169587
37;Drimys brasiliensis;11,90478974
37;Myrcia guianensis;11,82965621
37;Jacaranda puberula;15,56535343
37;Myrsine umbellata;22,75915686
37;Styrax leprosus;6,207042781
37;Prunus myrtifolia;10,37690229
37;Clethra scabra;11,42732491
37;Matayba elaeagnoides;8,75352187
37;Cinnamomum amoenum;17,15690287
37;Roupala montana;12,09577567
37;Podocarpus lambertii;29,85746732
37;Casearia obliqua;5,920563883
38;Prunus myrtifolia;11,93662073
38;Dicksonia sellowiana;19,98986085
38;Casearia obliqua;11,49098689
38;Cupania vernalis;5,252113122
38;Scutia buxifolia;9,772113506
38;Zanthoxylum rhoifolium;6,811831564
38;Ilex theezans;32,88141124
38;Ocotea puberula;35,39605934
38;Roupala montana;12,73239545
38;Myrsine umbellata;11,49098689
38;Styrax leprosus;13,52817016
38;Roupala montana;12,28676161
38;Lamanonia ternata;17,50704374
38;Styrax leprosus;14,96056465
38;Myrcia hatschbachii;8,276057041
38;Casearia decandra;58,56901906
38;Cupania vernalis;15,9473253
38;Casearia decandra;6,780000576
38;Lamanonia ternata;59,8422586
38;Myrcia hatschbachii;14,2602829
38;Cupania vernalis;6,238873769
38;Dicksonia sellowiana;20,88112853
38;Casearia obliqua;6,525352667
38;Dicksonia sellowiana;16,4884521
38;Lamanonia ternata;17,22056484
38;Myrcia hatschbachii;5,443099054
38;Eugenia pluriflora;7,445049813
38;Lithraea brasiliensis;17,31605781
38;Schinus terebinthifolius;10,24957834
38;Podocarpus lambertii;46,60056734
39;Casearia obliqua;5,634084985
39;Myrcia palustris;6,016056849
39;Nectandra megapotamica;6,525352667
39;Cupania vernalis;15,24704355
39;Sapium glandulosum;20,72197359
39;Jacaranda puberula;11,14084602
39;Celtis iguanaea;10,53605723
39;Myrsine umbellata;8,626197916
39;Jacaranda puberula;6,557183655
39;Lithraea brasiliensis;32,91324223
39;Cupania vernalis;17,8726395
39;Araucaria angustifolia;7,289296394
39;Ocotea pulchella;8,53070495
39;Zanthoxylum rhoifolium;5,252113122
39;Jacaranda puberula;10,98169107
39;Lithraea brasiliensis;23,61859355
39;Araucaria angustifolia;11,96845172
39;NI;9,390141642
39;Jacaranda puberula;12,41408556
39;NI;11,17267701
39;Cupania vernalis;7,20815531
39;Myrcia palustris;6,238873769
39;Myrcia guianensis;5,828200993
39;Zanthoxylum rhoifolium;6,589014644
39;Jacaranda puberula;10,47239526
39;Matayba elaeagnoides;7,575775291
39;Casearia obliqua;6,560041641
40;Podocarpus lambertii;5,570423008
40;Eugenia uniflora;6,254445026
40;Roupala montana;7,098310462
40;Matayba elaeagnoides;6,493521678
40;Ocotea puberula;11,4591559
40;Ocotea pulchella;9,517465597
40;Lithraea brasiliensis;10,98169107
40;Myrsine umbellata;6,589014644
40;Dalbergia frutescens;7,734930234
40;Machaerium paraguariense;7,066479473
40;Cupania vernalis;5,474930042
40;Ilex theezans;5,289789342
40;Lamanonia ternata;5,029296202
40;Zanthoxylum rhoifolium;10,50422624
40;Lithraea brasiliensis;8,594366927
40;Myrsine umbellata;9,908031168
40;Matayba elaeagnoides;9,040000768
40;Podocarpus lambertii;14,168366
40;Zanthoxylum rhoifolium;13,65549412
40;Prunus myrtifolia;14,35351717
40;Allophylus guaraniticus;7,661223693
40;Casearia decandra;5,634084985
40;Lithraea brasiliensis;8,371550007
40;Blepharocalyx salicifolius;5,156620156
40;Lamanonia ternata;6,429859701
40;Duranta vestita;7,225634416
40;Sebastiania commersoniana;5,634084985
40;Myrsine coriacea;25,46479089
40;Myrcia palustris;12,58532242
40;Lithraea brasiliensis;6,557183655
40;Dalbergia frutescens;5,807650887
40;Roupala montana;12,82788841
40;Symplocos uniflora;22,75915686
40;Lamanonia ternata;6,843662553
40;Podocarpus lambertii;7,448451337
40;Podocarpus lambertii;9,644789551
40;Podocarpus lambertii;12,95521237
40;Casearia decandra;5,856901906
40;Roupala montana;7,8304232
40;Myrsine umbellata;9,981540277
40;Eugenia pluriflora;6,716338598
40;Machaerium stipitatum;19,99941015
40;Lithraea brasiliensis;14,88673097
41;Lamanonia ternata;33,8363409
41;Ilex dumosa;9,103662745
41;Sebastiania brasiliensis;6,970986507
41;Vernonanthura discolor;13,20986028
41;Oreopanax fulvus;12,41408556
41;Myrcia guianensis;7,8304232
41;Sebastiania brasiliensis;10,87660736
41;Vernonanthura discolor;17,3478888
41;Sapium glandulosum;12,92338138
41;Sapium glandulosum;16,87042397
41;Ocotea puberula;7,321127382
41;Nectandra megapotamica;9,993916649
41;Dalbergia frutescens;16,7701889
41;Cupania vernalis;9,368536456
41;Myrcia hatschbachii;26,76986143
41;Coutarea hexandra;7,8304232
41;Ocotea pulchella;7,671268257
41;Prunus myrtifolia;5,156620156
41;Casearia decandra;8,689859893
41;Eugenia uniflora;18,01633956
41;Lithraea brasiliensis;9,262817688
41;Lithraea brasiliensis;6,811831564
41;Ilex brevicuspis;24,73267816
41;Dicksonia sellowiana;20,6901426
41;Sebastiania brasiliensis;10,1707854
41;Nectandra lanceolata;7,957747155
41;Duranta vestita;14,67408575
41;Myrsine coriacea;19,00310021
41;Lithraea brasiliensis;6,716338598
41;Sebastiania brasiliensis;6,429859701
41;Styrax leprosus;11,20450799
41;Sebastiania brasiliensis;7,257465405
41;Ilex brevicuspis;6,557183655
41;Lithraea brasiliensis;7,8304232
41;Podocarpus lambertii;41,50760916
41;Ilex brevicuspis;8,021409132
42;Lauraceae 1;18,62112834
42;Ilex microdonta;11,93662073
42;Casearia decandra;5,729577951
42;Lamanonia ternata;15,53352245
42;Sebastiania brasiliensis;8,683794731
42;Cupania vernalis;16,36112815
42;Myrcia hatschbachii;24,79372487
42;Nectandra megapotamica;5,53859202
42;Myrcia hatschbachii;7,098310462
42;Scutia buxifolia;9,230986699
42;Scutia buxifolia;32,65859432
42;Araucaria angustifolia;38,06986239
42;Lithraea brasiliensis;41,3802852
43;Zanthoxylum rhoifolium;29,15718557
43;Cupania vernalis;9,294648677
43;Lamanonia ternata;24,03239641
43;Styrax leprosus;17,37971979
43;Casearia decandra;5,156620156
43;Jacaranda puberula;6,525352667
43;Prunus myrtifolia;17,85718461
43;Solanum sanctaecatharinae;8,212395064
43;Ilex brevicuspis;21,42225534
43;Podocarpus lambertii;22,44084698
43;Jacaranda puberula;9,390141642
43;Vernonanthura discolor;32,11746752
43;Dicksonia sellowiana;15,88366332
43;Dicksonia sellowiana;14,38760686
43;Casearia decandra;7,034648485
43;Vernonanthura discolor;34,18648178
43;Dicksonia sellowiana;17,82535363
43;Sapium glandulosum;14,64225476
43;Casearia decandra;10,6315502
43;Myrsine umbellata;17,00969525
43;Ilex brevicuspis;14,73774773
43;Zanthoxylum kleinii;9,963099438
43;Vernonanthura discolor;19,51239602
44;Matayba elaeagnoides;7,193803428
44;Schinus terebinthifolius;7,257465405
44;Matayba elaeagnoides;7,161972439
44;Matayba elaeagnoides;54,28136539
44;Blepharocalyx salicifolius;5,53859202
44;Matayba elaeagnoides;7,289296394
44;Inga sessilis;23,3101092
44;Matayba elaeagnoides;10,37475396
44;Matayba elaeagnoides;7,098310462
44;Matayba elaeagnoides;9,165611436
44;Machaerium paraguariense;5,697746963
44;Matayba elaeagnoides;5,188451145
44;Lithraea brasiliensis;7,734930234
44;Symplocos uniflora;7,289296394
44;Schinus terebinthifolius;17,89348951
44;Schinus terebinthifolius;9,667873535
44;Schinus terebinthifolius;6,970986507
44;Schinus terebinthifolius;5,53859202
44;Schinus terebinthifolius;10,2829367
44;Schinus terebinthifolius;7,862254189
44;Schinus terebinthifolius;15,5881197
44;Acca sellowiana;6,44606992
44;Schinus terebinthifolius;8,658028904
44;Blepharocalyx salicifolius;7,989578143
44;Symplocos uniflora;7,161972439
44;Schinus terebinthifolius;6,334366735
44;Schinus terebinthifolius;9,428476382
44;Annona rugulosa;13,45912669
44;Matayba elaeagnoides;37,05127075
44;Lithraea brasiliensis;5,856901906
44;Schinus terebinthifolius;7,512113314
44;Schinus terebinthifolius;7,60760628
44;Schinus terebinthifolius;11,97496853
44;Schinus terebinthifolius;7,544011456
44;Schinus terebinthifolius;9,708451529
44;Schinus terebinthifolius;9,103662745
44;Lithraea brasiliensis;8,757282906
44;Lithraea brasiliensis;6,175211792
44;Lithraea brasiliensis;17,76140642
44;Matayba elaeagnoides;6,334366735
44;Campomanesia xanthocarpa;6,003327829
44;Inga sessilis;20,89880763
44;Allophylus guaraniticus;14,92890334
44;Inga sessilis;14,97633638
44;Inga sessilis;5,635613385
44;Blepharocalyx salicifolius;5,200252293
44;Blepharocalyx salicifolius;5,474930042
45;Matayba elaeagnoides;11,53498988
45;Matayba elaeagnoides;12,81350506
45;Matayba elaeagnoides;8,53070495
45;Campomanesia xanthocarpa;10,18591636
45;Allophylus guaraniticus;6,334366735
45;Matayba elaeagnoides;8,021409132
45;Matayba elaeagnoides;6,493521678
45;Machaerium paraguariense;8,085071109
45;Myrcia palustris;10,67857323
45;Myrsine coriacea;10,02676141
45;Styrax leprosus;14,40973772
45;Styrax leprosus;15,62152588
45;Matayba elaeagnoides;26,83352341
45;Matayba elaeagnoides;27,17488511
45;Sapium glandulosum;19,09859317
45;Oreopanax fulvus;13,59723562
45;Dasyphyllum tomentosum;11,80929678
45;Allophylus guaraniticus;8,45632614
45;Schinus terebinthifolius;9,390141642
45;Matayba elaeagnoides;7,161972439
45;Casearia decandra;9,071831756
45;Ilex theezans;6,525352667
45;Duranta vestita;7,919841662
45;Duranta vestita;6,953231565
45;Allophylus guaraniticus;5,634084985
45;Matayba elaeagnoides;7,257465405
45;Duranta vestita;8,362164892
45;Matayba elaeagnoides;27,57329877
45;Duranta vestita;7,925916166
45;Dasyphyllum tomentosum;14,43555513
45;Matayba elaeagnoides;9,517465597
45;Cupania vernalis;9,581127574
45;Dasyphyllum tomentosum;15,88366332
45;Duranta vestita;5,347606088
45;Matayba elaeagnoides;8,53070495
45;Cupania vernalis;7,734930234
45;Escallonia bifida;9,67662054
45;Escallonia bifida;11,49098689
45;Allophylus guaraniticus;7,536553744
46;Myrsine coriacea;5,347606088
46;Dasyphyllum tomentosum;7,60760628
46;Allophylus guaraniticus;6,977959675
46;Matayba elaeagnoides;5,443099054
46;Matayba elaeagnoides;9,167324722
46;Matayba elaeagnoides;7,225634416
46;Banara tomentosa;9,008169779
46;Matayba elaeagnoides;8,118399888
46;Matayba elaeagnoides;8,562535938
46;Matayba elaeagnoides;6,90732453
46;Myrsine coriacea;8,307888029
46;Cupania vernalis;7,766761223
46;Cupania vernalis;7,052557625
46;Lithraea brasiliensis;12,11105328
46;Myrsine coriacea;14,86507168
46;Cupania vernalis;7,629948393
46;Blepharocalyx salicifolius;6,279423942
46;Matayba elaeagnoides;10,15408537
46;Ocotea pulchella;16,75329372
46;Matayba elaeagnoides;5,825070917
46;Solanum sanctaecatharinae;6,079718826
46;Matayba elaeagnoides;21,99521314
46;Cupania vernalis;5,650247052
46;Cupania vernalis;13,55723621
46;Cupania vernalis;9,835775483
46;Cupania vernalis;7,804047045
46;Cupania vernalis;5,754546242
46;Lithraea brasiliensis;8,689859893
46;Lithraea brasiliensis;7,671268257
46;Duranta vestita;8,021409132
46;Duranta vestita;7,953735439
46;Allophylus guaraniticus;14,23589144
46;Myrcia guianensis;6,662264699
46;Myrtaceae sp.;9,712625187
46;Matayba elaeagnoides;9,411051283
46;Lithraea brasiliensis;7,225634416
46;Allophylus guaraniticus;6,531870882
46;Dasyphyllum tomentosum;14,80140971
46;Zanthoxylum rhoifolium;10,55008814
46;Blepharocalyx salicifolius;11,73117688
46;Machaerium paraguariense;10,02029208
46;Matayba elaeagnoides;6,302535746
46;Lithraea brasiliensis;7,703099246
46;Lithraea brasiliensis;16,72242131
46;Matayba elaeagnoides;9,199155711
46;Casearia decandra;7,480282325
46;Casearia decandra;12,82461011
46;Lithraea brasiliensis;9,199155711
46;Machaerium paraguariense;11,26816997
46;Dasyphyllum tomentosum;12,70056446
46;Blepharocalyx salicifolius;6,016056849
46;Dasyphyllum tomentosum;19,64776636
46;Lithraea brasiliensis;9,288760259
47;Casearia obliqua;17,3478888
47;Dicksonia sellowiana;17,37971979
47;Matayba elaeagnoides;20,53098766
47;Lithraea brasiliensis;12,92338138
47;Banara tomentosa;8,985251557
47;Banara tomentosa;5,283944111
47;Dasyphyllum tomentosum;22,44084698
47;Matayba elaeagnoides;11,10901503
47;Matayba elaeagnoides;29,02986162
47;Allophylus guaraniticus;8,562535938
47;Solanum sanctaecatharinae;5,634084985
47;Solanum sanctaecatharinae;12,44591655
47;Allophylus guaraniticus;5,347606088
47;Nectandra lanceolata;26,43959786
47;Allophylus guaraniticus;7,11563222
47;Sebastiania brasiliensis;9,199155711
47;Dicksonia sellowiana;18,93943823
47;Dicksonia sellowiana;16,83859298
47;Dicksonia sellowiana;22,12253709
47;Dicksonia sellowiana;15,78817035
47;Cupania vernalis;16,07464925
47;Banara tomentosa;5,315775099
47;Dalbergia frutescens;11,01352206
47;Annona rugulosa;14,02970458
47;Dicksonia sellowiana;16,42479013
47;Cinnamomum amoenum;5,283944111
47;Ocotea pulchella;5,220282133
47;Lithraea brasiliensis;13,40084621
47;Dicksonia sellowiana;19,8625369
48;Sebastiania commersoniana;7,225634416
48;Myrsine umbellata;5,06112719
48;Allophylus guaraniticus;6,748169587
48;Cupania vernalis;24,35070629
48;Lithraea brasiliensis;17,47521275
48;Dasyphyllum tomentosum;8,116902098
48;Sebastiania commersoniana;5,53859202
48;Banara tomentosa;5,06112719
48;Styrax leprosus;18,87577625
48;Oreopanax fulvus;8,944507802
48;Cupania vernalis;8,562535938
48;Dasyphyllum tomentosum;10,98169107
48;Blepharocalyx salicifolius;14,45126883
48;Cupania vernalis;8,244226052
48;Allophylus guaraniticus;5,443099054
48;Duranta vestita;12,3605512
48;Oreopanax fulvus;5,315775099
48;Prunus myrtifolia;12,8597194
48;Lithraea brasiliensis;15,9473253
48;Allophylus guaraniticus;15,33067786
48;Lithraea brasiliensis;36,64075871
49;Dasyphyllum tomentosum;47,07271594
49;Nectandra megapotamica;27,03983935
49;Lithraea brasiliensis;25,59211485
49;Escallonia bifida;19,60788899
49;Sebastiania commersoniana;5,283944111
49;Lithraea brasiliensis;8,75352187
49;Citronella paniculata;6,970986507
49;Xylosma ciliatifolia;5,315775099
49;Jacaranda puberula;5,252113122
49;Sebastiania brasiliensis;12,47523004
49;Allophylus guaraniticus;6,652676621
49;Vernonanthura discolor;18,08000154
49;Ocotea pulchella;43,48921561
49;Duranta vestita;11,70627613
49;Sebastiania brasiliensis;14,79648022
49;Scutia buxifolia;12,70056446
49;Oreopanax fulvus;22,53633994
49;Xylosma tweediana;5,825070917
49;Sebastiania commersoniana;7,512113314
49;Allophylus guaraniticus;12,57070183
49;Allophylus guaraniticus;5,283944111
49;Machaerium paraguariense;12,61913038
49;Myrsine umbellata;8,626197916
49;Sebastiania commersoniana;6,429859701
49;Myrsine umbellata;6,90732453
49;Dasyphyllum spinescens;20,24450876
49;Matayba elaeagnoides;42,71718673
50;Xylosma ciliatifolia;8,276057041
50;Matayba elaeagnoides;8,276057041
50;Xylosma ciliatifolia;7,785589131
50;Matayba elaeagnoides;5,76140894
50;Solanum pabstii;11,65014183
50;Dalbergia frutescens;6,43560877
50;Dalbergia frutescens;7,56118318
50;Casearia obliqua;7,862254189
50;Escallonia bifida;9,230986699
50;Escallonia bifida;12,5732405
50;Escallonia bifida;14,73774773
50;Dalbergia frutescens;15,9518674
50;Dalbergia frutescens;8,103347006
50;Inga sessilis;6,111549815
50;Inga sessilis;9,576261802
50;Inga sessilis;11,36303878
50;Matayba elaeagnoides;14,42611167
50;Matayba elaeagnoides;42,30413833
50;Machaerium paraguariense;5,506761031
50;Machaerium paraguariense;5,379437077
50;Ocotea pulchella;6,843662553
50;Matayba elaeagnoides;7,321127382
50;Matayba elaeagnoides;5,920563883
50;Matayba elaeagnoides;8,116902098
50;Matayba elaeagnoides;8,148733086
50;Inga sessilis;11,88319487
50;Allophylus guaraniticus;14,47680221
50;Inga sessilis;18,06811705
50;Inga sessilis;12,8788117
50;Mimosa scabrella;28,20225592
50;Roupala montana;11,61831085
50;Inga sessilis;8,562535938
50;Inga sessilis;7,488743229
50;Inga sessilis;10,78032456
50;Inga sessilis;5,665915974
